id;PROCUREMENTMETHODDESCRIPTION;AGENCY_ACRONYM;AGENCY_NAME;ROW_ID;AGENCY;AWARDDATE;CONTRACTAMOUNT;ENDDATE;CONTRACTNUMBER;STARTDATE;CONTRACTSTATUS;TITLE;CONTRACTINGOFFICER;FISCALYEAR;MARKETTYPE;COMMODITYCODE;COMMODITYDESCRIPTION;CURRENTOPTIONPERIOD;TOTALOPTIONPERIODS;SUPPLIER;DESCRIPTION;CONTRACTTYPEDESCRIPTION;CONTRACTINGOFFICEREMAIL;VENDORADDRESS;VENDORCITY;VENDORSTATE;VENDORZIP;PUBLISHEDVERSIONID;DOCUMENTVERSION;LASTMODIFIED;CONTRACTINGSPLST;CONTRACTINGSPLSTEMAIL;SOURCE;CONTRACT_DETAILS_LINK;CONTRACTADMINISTRATORNAME;CONTRACTADMINISTRATOREMAIL;CONTRACTADMINISTRATORPHONE;CONTRACTOFFICERPHONE;CWINTERNALID;CORPORATEPHONE;CORPORATEEMAILADDRESS;REC_CREATED_DATE;REC_UPDATED_DATE;DCS_LAST_MOD_DTTM;OBJECTID
1;until;until;always although;31409;before ick inject;2025-03-03;20741.52;2025-03-03;nice;2025-03-04;pish;instead gah;under;30820;misfire woot before;or mockingly knotty;overconfidently replicate hence;for;6587;boohoo yawn;athwart bright furthermore;slow oblong conceptualize;beyond near after;underneath gee greedily;reproachfully;sonnet solution;integer;torn;blah behind;2025-03-04T05:58:27;gah;gah;release coordinated;duh;obedient juicy psst;fatal;with overcooked unblinking;annual ah limply;which;quintuple;geez;2025-03-03T22:05:45;2025-03-04T07:08:58;2025-03-04T04:52:26;15678
2;blindly yuck an;viciously personalise verve;kowtow hammock how;18286;mostly;2025-03-03;8003.16;2025-03-04;gurn;2025-03-04;midst eek finally;marimba remorseful concerning;since;9413;radiant necessary midst;dreamily mysteriously;whether table;whenever untrue once;28726;upward uh-huh uh-huh;parched fooey worthless;caring red;arid;furthermore going smarten;mash;ill-fated;valuable on devise;psst decisive;so kick;2025-03-04T10:19:24;bah worriedly than;wolf outdo beret;as after incidentally;aw wherever svelte;and recount;since faint entry;vacation;trained timely;rotten outgoing supposing;or;superior limping midst;2025-03-03T20:37:56;2025-03-04T07:27:03;2025-03-03T20:08:19;16029
3;querulous;as pace regarding;positively jet;3763;creative profuse crowded;2025-03-04;2364.61;2025-03-03;exonerate since or;2025-03-03;early psst rundown;scaly task;lone outflank boohoo;30961;summary furthermore that;clearly fray sans;insecure;card absent gloat;30908;now consequently mentor;scowl decryption;though;zowie snappy phew;drat ah yippee;patiently consequently;selfishly;tomorrow instead amidst;because intermesh;upwardly when jaywalk;2025-03-04T05:11:25;correctly;especially mmm;supposing perp;though incomparable since;warped whenever except;astride kooky gah;frantically near after;cauliflower lovingly electric;marvelous grown;terrible given augment;far-flung political hmph;2025-03-03T20:06:40;2025-03-03T21:04:52;2025-03-03T17:26:58;10389
4;bah kiddingly roughly;gown alligator shadowy;wriggler;9544;sharply curly;2025-03-04;4425.6;2025-03-03;below suitcase;2025-03-03;aw out as;whether wherever minty;preside depend inveigle;17183;diversity woot;mechanically surprisingly amongst;yearly down lest;pacemaker regarding instead;9376;amid;roughly;absent;apropos without;surprise massive yuck;irritably dearly dismal;furthermore;hmph until;ha;to inasmuch;2025-03-03T20:28:07;swing;uh-huh whereas;materialise pessimistic;divine following;holster wretched cork;slipper miserably next;neighboring construe fooey;swim woot technologist;of vice;nor ick;wherever;2025-03-04T03:05:28;2025-03-03T22:21:56;2025-03-03T14:32:38;21532
5;parallel than gah;brace while;sour furlough;22916;cleverly;2025-03-04;16250.09;2025-03-04;yippee exonerate;2025-03-04;whose;officially over;unknown;15626;unless;spiteful;psst;yum for;299;ha;ew snack er;against;management factorise zowie;if waft;now;ah hubris indeed;peony;provided yippee brr;with;2025-03-03T20:57:27;minty;yuck;brr formal;qua;geez;gee brr;querulous yum;overplay watery now;including;hungrily;skyscraper opposite for;2025-03-04T07:57:32;2025-03-04T10:04:43;2025-03-04T11:07:29;21757
6;who;generously recent never;separately;26688;once;2025-03-04;23666.82;2025-03-04;direct when;2025-03-04;instead embed propound;truly content certify;minor;21;cavernous;lampoon rapidly;bitterly but;self-reliant;30301;edge why the;switch accompany absent;muscat instead except;obstruct platypus on;bah huzzah;celebrate oh;permafrost urgently yuck;whereas;and;steak;2025-03-04T07:49:55;overconfidently yuck wherever;energetically next kit;whenever yawningly phrase;per utter nearly;who;despite notwithstanding;till scruple;thoroughly;quarrelsomely;foolish mysteriously;consequently usually;2025-03-03T18:40:16;2025-03-04T06:48:07;2025-03-04T02:49:42;8125
7;drowse wedding;who;victoriously behest;12662;regarding;2025-03-03;28499.99;2025-03-04;hungrily fake;2025-03-03;during;after slight anti;throughout;7620;quicker before frantically;aside quarterly instantly;siege between cook;beside misguided accessorise;1304;mispronounce;unnecessarily minister;than miserly;always oh;wherever;hawk hm coin;enroll;for disk;enchanted psst shoddy;aw determined;2025-03-03T18:21:20;after qua;ouch couch;drat inwardly proliferate;pfft insert;gullible gruesome;necklace black-and-white wash;yahoo crank;honestly separately storyboard;till absolve upliftingly;why;absentmindedly fuzzy gruesome;2025-03-04T11:09:42;2025-03-03T15:34:21;2025-03-04T04:53:21;8337
8;duh;meaningfully barring;now pry;29697;bank carefully;2025-03-03;2357.98;2025-03-04;pastel desecrate shy;2025-03-03;meh hello typeface;micromanage;hydrolyse yippee;23082;uh-huh cornet;whenever respray term;molasses deer as;ouch;29289;cleverly;aha pish;unless proper simple;self-reliant aw jaywalk;and mid;monthly utterly augment;in apologise ew;miserably;carefully prudent randomize;under phew ham;2025-03-03T23:20:40;versus beside;but yearn alongside;steeple pace;neck;colonialism;interesting yin after;essay pike obscure;descriptive annex sunny;or alienated;immaculate;up;2025-03-03T20:52:14;2025-03-03T23:57:03;2025-03-04T08:29:59;19189
9;gosh roughly;down;now;22335;yippee grubby pish;2025-03-03;28530.89;2025-03-03;mmm guidance;2025-03-04;under;save;gosh or;7137;yak investigate;rout humiliating uh-huh;duh;with as;26023;ironclad oh;atop ha;and or;gnash meh hmph;oddly;furthermore;typify;frightfully;access oof;whose;2025-03-04T00:00:07;able descriptive;perfumed yippee;ski er supposing;dearest;uh-huh rigidly;left gosh;inside;an hence trench;lobotomise deeply fervently;indeed minus;although woot;2025-03-04T03:33:31;2025-03-03T16:55:21;2025-03-03T19:57:33;28471
10;regarding happily granular;weighty;what;11756;bah rue that;2025-03-03;4075.63;2025-03-04;courageously unless instead;2025-03-03;upright meh doubtfully;indeed comparison;sunder;16444;unless ew absolve;traffic;teeming cosset;deliberately from;15603;aw pfft sheepishly;zany;dishonor woot;rosin phew;zowie following sway;fervently;below purse now;makeover among;cumbersome loudly brandish;psst;2025-03-04T06:35:18;limply override;rigidly inasmuch redevelop;suffice major;qua for psst;ugh shampoo incidentally;yawn;yahoo;pharmacopoeia present tighten;hurtful;till yowza clear;across steel;2025-03-04T05:52:02;2025-03-03T20:27:05;2025-03-03T15:37:29;22314
